{"cameraMode":{"drawMode":0,"name":"Shaded","section":"Shading Mode"},"sceneLighting":false,"audioPlay":false,"sceneViewState":{"showFog":false,"showMaterialUpdate":false,"showSkybox":false,"showFlares":false,"showImageEffects":false,"showParticleSystems":false},"in2DMode":false,"pivot":{"x":0.06607429683208466,"y":0.17423786222934724,"z":-1.1019781827926636},"rotation":{"x":0.005893554538488388,"y":0.9939953088760376,"z":-0.08400536328554154,"w":0.07019075006246567},"size":3.5234358310699465,"orthographic":false}