{"cameraMode":{"drawMode":0,"name":"Shaded","section":"Shading Mode"},"sceneLighting":true,"audioPlay":false,"sceneViewState":{"showFog":false,"showMaterialUpdate":false,"showSkybox":false,"showFlares":false,"showImageEffects":false,"showParticleSystems":false},"in2DMode":false,"pivot":{"x":111.33159637451172,"y":-11.541438102722168,"z":178.59027099609376},"rotation":{"x":-0.050052665174007419,"y":-0.3162277936935425,"z":0.016769366338849069,"w":-0.9472508430480957},"size":134.28292846679688,"orthographic":false}