{"cameraMode":{"drawMode":0,"name":"Shaded","section":"Shading Mode"},"sceneLighting":true,"audioPlay":false,"sceneViewState":{"showFog":false,"showMaterialUpdate":false,"showSkybox":false,"showFlares":false,"showImageEffects":false,"showParticleSystems":false},"in2DMode":false,"pivot":{"x":131.96397399902345,"y":13.357471466064454,"z":233.16802978515626},"rotation":{"x":0.043129947036504748,"y":-0.26185980439186098,"z":-0.011655489914119244,"w":-0.9641083478927612},"size":182.74050903320313,"orthographic":false}